timestamp,ear_left,ear_right,ear_avg,blink_detected,total_blinks,eye_distance,saccade_count,fixation_duration,face_detected,label
0.0,0.2564962395113603,0.2972806161071795,0.2768884278092699,False,0,103.3149627006871,0,0.0,True,0
0.07,0.26496715622152694,0.3107480539194207,0.2878576050704738,False,0,102.8200967572286,0,0.0,True,0
0.14,0.28088042607808983,0.3050599054318281,0.29297016575495893,False,0,104.75733739149179,0,0.0,True,0
0.2,0.2581919498555215,0.30127783205696995,0.2797348909562457,False,0,103.85078673494995,0,0.0,True,0
0.27,0.2839740866679695,0.28824208808912377,0.28610808737854665,False,0,110.66846913354665,1,0.19347643852233887,True,0
0.33,0.28675167676219315,0.3117504134291951,0.2992510450956941,False,0,108.58418169405,1,0.19347643852233887,True,0
0.4,0.27632536090662896,0.3085461439496226,0.2924357524281258,False,0,108.55584986777859,2,0.12756407260894775,True,0
0.46,0.266346091428021,0.30218825851856446,0.28426717497329274,False,0,106.97229676534718,2,0.12756407260894775,True,0
0.52,0.27849253007482816,0.29651664489769386,0.287504587486261,False,0,107.07970395973562,2,0.12756407260894775,True,0
0.58,0.27558076786549185,0.2942872808712789,0.2849340243683854,False,0,107.2250929964906,2,0.12756407260894775,True,0
0.64,0.272474423428049,0.2941056849080572,0.2832900541680531,False,0,106.41074249337433,3,0.14579407374064127,True,0
0.7,0.279938681612446,0.2853763852455575,0.28265753342900174,False,0,106.43866047866916,3,0.14579407374064127,True,0
0.77,0.2787721660782187,0.27921854830676945,0.2789953571924941,False,0,106.47905545197156,3,0.14579407374064127,True,0
0.85,0.2660488167361981,0.26547090216947994,0.26575985945283903,False,0,108.30897072235621,3,0.14579407374064127,True,0
0.91,0.25723938663745466,0.29766035080319847,0.27744986872032656,False,0,109.25575436997673,3,0.14579407374064127,True,0
0.97,0.27979207530692135,0.29909424033631227,0.2894431578216168,False,0,108.19823705292045,3,0.14579407374064127,True,0
1.04,0.27479289061205125,0.30927524239512644,0.2920340665035889,False,0,109.08122303627258,3,0.14579407374064127,True,0
1.12,0.2791431336416218,0.3100543424052111,0.29459873802341646,False,0,110.91841821761255,3,0.14579407374064127,True,0
1.2,0.28459485234544907,0.3093086248656409,0.296951738605545,False,0,111.44173154074126,3,0.14579407374064127,True,0
1.26,0.29174572310316693,0.3063343285929509,0.2990400258480589,False,0,111.88889328025793,3,0.14579407374064127,True,0
1.32,0.29382742705347353,0.3114146179796501,0.3026210225165618,False,0,112.21045352110602,3,0.14579407374064127,True,0
1.38,0.2924512418919308,0.30462083685417346,0.2985360393730521,False,0,111.5700914911533,3,0.14579407374064127,True,0
1.44,0.300297306730648,0.32229836591239874,0.31129783632152336,False,0,111.65138191025346,3,0.14579407374064127,True,0
1.5,0.301100733663633,0.32390515398724457,0.31250294382543875,False,0,111.27166442123986,3,0.14579407374064127,True,0
1.57,0.2831421463691661,0.33441633131237086,0.3087792388407685,False,0,112.02874725799221,3,0.14579407374064127,True,0
1.63,0.3048505977625615,0.2990909671924578,0.30197078247750964,False,0,112.4212838679332,3,0.14579407374064127,True,0
1.69,0.3019259127759997,0.3044743631139836,0.3032001379449917,False,0,111.2428184657714,3,0.14579407374064127,True,0
1.75,0.2692357117666948,0.30888154623643305,0.2890586290015639,False,0,111.27339650631717,3,0.14579407374064127,True,0
1.82,0.2836022776633181,0.29725816929899107,0.29043022348115455,False,0,110.70576436204658,3,0.14579407374064127,True,0
1.9,0.2815757396081628,0.30066822270674365,0.29112198115745325,False,0,110.33155809523193,3,0.14579407374064127,True,0
1.98,0.29891783900553676,0.2973506912584852,0.29813426513201097,False,0,109.94334629590452,3,0.14579407374064127,True,0
2.04,0.28499273160766175,0.30781083659767017,0.29640178410266593,False,0,109.18469770680491,3,0.14579407374064127,True,0
2.1,0.27584289007154705,0.29998752535755496,0.28791520771455104,False,0,108.8464019166768,3,0.14579407374064127,True,0
2.16,0.276657832703355,0.3021020802304305,0.28937995646689274,False,0,107.58340991673441,3,0.14579407374064127,True,0
2.22,0.27865818076207927,0.2954293956022949,0.2870437881821871,False,0,107.32469482002298,3,0.14579407374064127,True,0
2.27,0.28784682220622076,0.294342835174987,0.2910948286906039,False,0,107.06685695393958,3,0.14579407374064127,True,0
2.33,0.29562301341073316,0.2940838066960966,0.29485341005341487,False,0,106.29559276329815,3,0.14579407374064127,True,0
2.39,0.2997841174811052,0.2910130231631357,0.29539857032212047,False,0,106.29313611935058,3,0.14579407374064127,True,0
2.46,0.3000363934259321,0.29289416528353435,0.2964652793547332,False,0,106.65081524199562,3,0.14579407374064127,True,0
2.53,0.28105719875840485,0.2874986685057319,0.2842779336320684,False,0,106.51271212963374,3,0.14579407374064127,True,0
2.6,0.2587815302554032,0.272654491736338,0.26571801099587056,False,0,105.60548408214522,3,0.14579407374064127,True,0
2.66,0.23356711302191271,0.2568896151439315,0.2452283640829221,False,0,104.38171323848238,3,0.14579407374064127,True,0
2.72,0.121435035227703,0.1468628923508999,0.13414896378930144,False,0,106.23630679463537,3,0.14579407374064127,True,0
2.78,0.11490355021099118,0.13474067646765195,0.12482211333932156,False,0,105.6716648599479,3,0.14579407374064127,True,0
2.85,0.13158060028560672,0.11888218211569158,0.12523139120064916,False,0,105.44507873496379,3,0.14579407374064127,True,0
2.91,0.1188674523044067,0.11855705460453476,0.11871225345447073,False,0,105.49263147389438,3,0.14579407374064127,True,0
2.96,0.13328553806399177,0.07914766014371369,0.10621659910385273,False,0,105.18629506281243,3,0.14579407374064127,True,0
3.02,0.12252781022245682,0.08234790254757396,0.10243785638501539,False,0,104.70534966656317,3,0.14579407374064127,True,0
3.08,0.12134675941174126,0.09308933079502471,0.10721804510338298,False,0,104.78746816134185,3,0.14579407374064127,True,0
3.14,0.08463671784110356,0.1318978721049381,0.10826729497302084,False,0,105.21575677421177,3,0.14579407374064127,True,0
3.2,0.12586137586412804,0.13767618490994227,0.13176878038703516,False,0,104.7306578694225,3,0.14579407374064127,True,0
3.27,0.11674719122334166,0.1149378854772256,0.11584253835028363,False,0,105.44428737706616,3,0.14579407374064127,True,0
3.33,0.14245637582120477,0.13593031691574617,0.13919334636847547,False,0,105.01438797467105,3,0.14579407374064127,True,0
3.4,0.2373643173586613,0.25999299759374295,0.2486786574762021,False,0,103.83978946035485,3,0.14579407374064127,True,0
3.47,0.24189369669559685,0.2640296569278262,0.25296167681171156,True,1,104.15034405813606,3,0.14579407374064127,True,0
3.54,0.24360143521228025,0.2630137299101693,0.25330758256122476,False,1,104.92352168019488,3,0.14579407374064127,True,0
3.6,0.2519504458609491,0.2726700021228549,0.262310223991902,False,1,105.67924440009617,3,0.14579407374064127,True,0
3.66,0.26049642139603774,0.27097190833133356,0.2657341648636856,False,1,104.8837401585479,3,0.14579407374064127,True,0
3.73,0.26854398900520354,0.2721816788317817,0.2703628339184926,False,1,105.32253125068509,3,0.14579407374064127,True,0
3.8,0.25981078801477747,0.2731604151842527,0.26648560159951507,False,1,104.87607159466421,3,0.14579407374064127,True,0
3.86,0.2646448848284037,0.27131215628725597,0.26797852055782984,False,1,104.86369734307884,3,0.14579407374064127,True,0
3.91,0.26856674700004185,0.26614545424142333,0.26735610062073256,False,1,104.56548343121341,3,0.14579407374064127,True,0
3.97,0.2617086828283987,0.2656013291832649,0.2636550060058318,False,1,104.70928339785131,3,0.14579407374064127,True,0
4.03,0.2616393426409934,0.26217125520600226,0.26190529892349784,False,1,104.90429822394654,3,0.14579407374064127,True,0
4.1,0.25715505169688696,0.26333393753383383,0.26024449461536037,False,1,104.63279452801291,3,0.14579407374064127,True,0
4.16,0.2535457576063721,0.2611274302372297,0.25733659392180086,False,1,104.92936849494653,3,0.14579407374064127,True,0
4.23,0.24956016585563975,0.2488684508096524,0.24921430833264607,False,1,105.0531091272922,3,0.14579407374064127,True,0
4.29,0.2498185772825279,0.26311624596356153,0.2564674116230447,False,1,104.20731095191746,3,0.14579407374064127,True,0
4.36,0.2632386961061689,0.269603031361184,0.26642086373367646,False,1,104.24676959682915,3,0.14579407374064127,True,0
4.41,0.16113172290672104,0.2073969660573879,0.18426434448205448,False,1,103.55760279846017,3,0.14579407374064127,True,0
4.47,0.14584608983068664,0.175421501923268,0.16063379587697732,False,1,104.40819677786278,3,0.14579407374064127,True,0
4.54,0.13630596054248742,0.16067471402050326,0.14849033728149535,False,1,104.1047501661283,3,0.14579407374064127,True,0
4.6,0.09831635944414072,0.18254029310358832,0.14042832627386453,False,1,104.50082023473595,3,0.14579407374064127,True,0
4.66,0.10793397485271716,0.1604867457171963,0.13421036028495673,False,1,104.135052428583,3,0.14579407374064127,True,0
4.73,0.0940251055374693,0.17120211646565614,0.13261361100156271,False,1,104.44956831473294,3,0.14579407374064127,True,0
4.78,0.11611934826280682,0.1758393916790979,0.14597936997095234,False,1,104.17160235510623,3,0.14579407374064127,True,0
4.85,0.11314136283799796,0.13030702754384116,0.12172419519091957,False,1,103.75486619711312,3,0.14579407374064127,True,0
4.91,0.11677539737131885,0.15466993605504364,0.13572266671318126,False,1,104.11995739330936,3,0.14579407374064127,True,0
4.98,0.1153765964178217,0.1425523122287503,0.12896445432328602,False,1,103.5402128139695,3,0.14579407374064127,True,0
5.04,0.12545810872699892,0.1808072280405395,0.1531326683837692,False,1,103.427668619905,3,0.14579407374064127,True,0
5.11,0.1333686106835021,0.1621896849141497,0.1477791477988259,False,1,103.55552895148271,3,0.14579407374064127,True,0
5.17,0.12951196488032687,0.18044668449285772,0.1549793246865923,False,1,102.85913857296713,3,0.14579407374064127,True,0
5.23,0.13182633542047206,0.1869271786135911,0.15937675701703158,False,1,103.45877386933702,3,0.14579407374064127,True,0
5.3,0.23638640067024078,0.2511842626669548,0.24378533166859778,True,2,104.03139417343436,3,0.14579407374064127,True,0
5.36,0.2338603263507455,0.2627557825748708,0.24830805446280815,False,2,104.9898118497785,3,0.14579407374064127,True,0
5.42,0.24031819845447086,0.26425119058114466,0.2522846945178078,False,2,105.11981464166274,3,0.14579407374064127,True,0
5.48,0.24554308578867365,0.26897277554229876,0.2572579306654862,False,2,104.8274094874634,3,0.14579407374064127,True,0
5.54,0.24474520642574216,0.2684095438739387,0.25657737514984047,False,2,104.67664531734508,3,0.14579407374064127,True,0
5.61,0.2510228888156977,0.2662685592633109,0.25864572403950425,False,2,104.6562841998794,3,0.14579407374064127,True,0
5.67,0.25696035062524963,0.2638742960564202,0.2604173233408349,False,2,105.09512946386945,3,0.14579407374064127,True,0
5.75,0.25542331573815397,0.26328613569665615,0.25935472571740503,False,2,105.1426917609985,3,0.14579407374064127,True,0
5.85,0.25775956817027035,0.2633179068922732,0.26053873753127177,False,2,105.04968734729543,3,0.14579407374064127,True,0
5.92,0.26046471595438164,0.26703910578728357,0.2637519108708326,False,2,104.63105268956147,3,0.14579407374064127,True,0
5.99,0.26136844493546213,0.2590512394432597,0.26020984218936094,False,2,104.5451763282145,3,0.14579407374064127,True,0
6.05,0.25699991239149494,0.2726375020920734,0.26481870724178413,False,2,104.67049970095717,3,0.14579407374064127,True,0
6.11,0.2604913241013795,0.261159264091057,0.26082529409621824,False,2,104.78186386270892,3,0.14579407374064127,True,0
6.17,0.25420237194624307,0.27215109314672753,0.2631767325464853,False,2,105.12796092896649,3,0.14579407374064127,True,0
6.23,0.25324974923898536,0.2722767038862873,0.2627632265626363,False,2,104.86651777130976,3,0.14579407374064127,True,0
6.29,0.2629431326646356,0.26542952813230725,0.2641863303984714,False,2,104.77707912332441,3,0.14579407374064127,True,0
6.35,0.2622164942938279,0.2606085281090233,0.2614125112014256,False,2,104.82913003369137,3,0.14579407374064127,True,0
6.41,0.26011345785157375,0.27994200599735575,0.2700277319244647,False,2,105.01053261461584,3,0.14579407374064127,True,0
6.47,0.2390804714136437,0.24826930546665363,0.24367488844014867,False,2,104.42863556995721,3,0.14579407374064127,True,0
6.54,0.22482957333576034,0.22419601211300666,0.22451279272438351,False,2,104.22564573097029,3,0.14579407374064127,True,0
6.6,0.2094535751939087,0.21245025930015723,0.21095191724703297,False,2,103.77640277204378,3,0.14579407374064127,True,0
6.66,0.18455925485031202,0.18656451762887094,0.18556188623959147,False,2,103.59583826457833,3,0.14579407374064127,True,0
6.72,0.1397667480514451,0.1833184768080725,0.16154261242975881,False,2,102.16576320650788,3,0.14579407374064127,True,0
6.78,0.13395561034361342,0.1600933324652887,0.14702447140445107,False,2,102.2752111277035,3,0.14579407374064127,True,0
6.85,0.12439614394935365,0.15911915548017327,0.14175764971476346,False,2,102.37602755457851,3,0.14579407374064127,True,0
6.91,0.09556211790922164,0.12913972255987677,0.1123509202345492,False,2,102.79772559148276,3,0.14579407374064127,True,0
6.97,0.09944853838125096,0.12681896517496416,0.11313375177810756,False,2,102.47005883494398,3,0.14579407374064127,True,0
7.03,0.09491124496628695,0.11621552076140751,0.10556338286384723,False,2,103.10620822799416,3,0.14579407374064127,True,0
7.1,0.10441666973083658,0.1189407194696908,0.1116786946002637,False,2,102.75105688375916,3,0.14579407374064127,True,0
7.16,0.08953270587342237,0.10515811966964957,0.09734541277153597,False,2,102.93746569677042,3,0.14579407374064127,True,0
7.23,0.09790445099585286,0.10025454489057994,0.09907949794321641,False,2,103.24686888940002,3,0.14579407374064127,True,0
7.3,0.0837435465838269,0.11813312870949635,0.10093833764666163,False,2,102.4167833242074,3,0.14579407374064127,True,0
7.37,0.07123998762446361,0.15076492556282722,0.11100245659364541,False,2,102.38216551515609,3,0.14579407374064127,True,0
7.43,0.07618569379858586,0.13487703915888677,0.10553136647873632,False,2,103.80304965193343,3,0.14579407374064127,True,0
7.51,0.1632657798703668,0.18201705132873836,0.1726414155995526,False,2,102.5891994712739,3,0.14579407374064127,True,0
7.57,0.1748378534690847,0.2097448025244685,0.19229132799677662,False,2,102.80060132384607,3,0.14579407374064127,True,0
7.64,0.20045846750710117,0.20960855124449249,0.20503350937579684,False,2,103.87394030196265,3,0.14579407374064127,True,0
7.7,0.21594361626276296,0.21039218282404104,0.21316789954340198,True,3,103.89705716171095,3,0.14579407374064127,True,0
7.76,0.2112105537411582,0.21612040407661806,0.21366547890888815,False,3,103.2247951863568,3,0.14579407374064127,True,0
7.83,0.2021287736792531,0.2158130856248383,0.20897092965204572,False,3,103.45193522557813,3,0.14579407374064127,True,0
7.9,0.21762459048029917,0.21956185356433985,0.2185932220223195,False,3,103.79568569570559,3,0.14579407374064127,True,0
7.96,0.22515402360609413,0.21713952825453348,0.2211467759303138,False,3,103.79030654278004,3,0.14579407374064127,True,0
8.02,0.21858482249783304,0.21766049543900193,0.21812265896841748,False,3,104.20529546354973,3,0.14579407374064127,True,0
8.08,0.22141137145791687,0.22623422684280575,0.2238227991503613,False,3,103.59572662911046,3,0.14579407374064127,True,0
8.14,0.2361015167813119,0.2365173766940298,0.23630944673767085,False,3,103.91803170425136,3,0.14579407374064127,True,0
8.21,0.23667099504698236,0.2315120490932097,0.23409152207009604,False,3,104.49609202062814,3,0.14579407374064127,True,0
8.28,0.24213650364809924,0.2362718352155695,0.23920416943183437,False,3,104.22066305509384,3,0.14579407374064127,True,0
8.34,0.24692715017165662,0.23785728546918147,0.24239221782041903,False,3,104.49854930739498,3,0.14579407374064127,True,0
8.41,0.25286255607427033,0.2424248317987856,0.24764369393652796,False,3,104.45649786768405,3,0.14579407374064127,True,0
8.48,0.24182879452359557,0.2545805343662544,0.24820466444492498,False,3,104.63331320640891,3,0.14579407374064127,True,0
8.55,0.2415680050151894,0.2503835950795877,0.24597580004738856,False,3,104.54570687103647,3,0.14579407374064127,True,0
8.61,0.24630812190180348,0.2518424576558864,0.24907528977884497,False,3,104.71261758835085,3,0.14579407374064127,True,0
8.67,0.24807210588170017,0.2550964600629856,0.25158428297234287,False,3,104.83055104386776,3,0.14579407374064127,True,0
8.73,0.24588776021789027,0.2468594666021545,0.2463736134100224,False,3,104.55153012242232,3,0.14579407374064127,True,0
8.79,0.2529991361441697,0.24818996451108352,0.2505945503276266,False,3,104.26637927979579,3,0.14579407374064127,True,0
8.85,0.2414209977940353,0.2419573989363927,0.24168919836521402,False,3,104.25306120199771,3,0.14579407374064127,True,0
8.92,0.23413661672868363,0.2319686858514397,0.23305265129006167,False,3,103.87963064843119,3,0.14579407374064127,True,0
8.98,0.10244607272150756,0.18720619473535233,0.14482613372842995,False,3,102.79149627147937,3,0.14579407374064127,True,0
9.04,0.06623572973508704,0.1709384652245664,0.11858709747982672,False,3,102.81636642742372,3,0.14579407374064127,True,0
9.11,0.08075947731359366,0.17072555842275788,0.12574251786817578,False,3,102.56434721993485,3,0.14579407374064127,True,0
9.17,0.07468447936528905,0.17440678099579293,0.12454563018054099,False,3,103.218504846528,3,0.14579407374064127,True,0
9.23,0.07025677524179644,0.19325257791687978,0.1317546765793381,False,3,102.69246759423407,3,0.14579407374064127,True,0
9.28,0.07373890250523629,0.15438534236408682,0.11406212243466156,False,3,102.73209544858419,3,0.14579407374064127,True,0
9.34,0.061636086224196224,0.13176795065199268,0.09670201843809445,False,3,103.04359926897308,3,0.14579407374064127,True,0
9.42,0.0682185498797121,0.12918576550332156,0.09870215769151683,False,3,103.23972263720462,3,0.14579407374064127,True,0
9.48,0.07223626344833771,0.12857252895973162,0.10040439620403466,False,3,103.2893092067286,3,0.14579407374064127,True,0
9.57,0.07347366175160996,0.14098626273255357,0.10722996224208177,False,3,103.42670218567491,3,0.14579407374064127,True,0
9.64,0.0820612494459604,0.13208579725338138,0.10707352334967088,False,3,103.8228885457975,3,0.14579407374064127,True,0
9.72,0.11662098087363872,0.1781648863848947,0.1473929336292667,False,3,103.61492150909874,3,0.14579407374064127,True,0
9.78,0.21223070088819154,0.21856900933772846,0.21539985511296,False,3,103.40230094728264,3,0.14579407374064127,True,0
9.85,0.21421073438630817,0.2155233621360467,0.21486704826117742,False,3,104.04111397523403,3,0.14579407374064127,True,0
9.91,0.21355337435469945,0.21871952850419196,0.2161364514294457,True,4,103.66165174923643,3,0.14579407374064127,True,0
9.97,0.2224120314334849,0.22189913044744763,0.22215558094046628,False,4,103.84668500490214,3,0.14579407374064127,True,0
10.03,0.23386566989039398,0.22709793296737954,0.23048180142888675,False,4,103.08573031947464,3,0.14579407374064127,True,0
10.09,0.2279713352087797,0.2223036183825595,0.2251374767956696,False,4,103.65811448264171,3,0.14579407374064127,True,0
10.2,0.24432684041871983,0.2358161666015256,0.2400715035101227,False,4,103.44977019243976,3,0.14579407374064127,True,0
10.28,0.2484944659327557,0.2411773025615818,0.24483588424716873,False,4,104.06046800414015,3,0.14579407374064127,True,0
10.34,0.23431065453469993,0.24623593154123846,0.24027329303796918,False,4,104.31635940732369,3,0.14579407374064127,True,0
10.41,0.23912218844662275,0.23916666841366177,0.23914442843014228,False,4,104.31139412743019,3,0.14579407374064127,True,0
10.48,0.23699553937103282,0.2435497439948107,0.24027264168292176,False,4,103.79559430368018,3,0.14579407374064127,True,0
10.54,0.23294900231533197,0.24456404706906976,0.23875652469220088,False,4,103.69363339354642,3,0.14579407374064127,True,0
10.6,0.23264368025768178,0.25087761835009403,0.2417606493038879,False,4,104.16653086703809,3,0.14579407374064127,True,0
10.66,0.23749544253257868,0.24461421629707644,0.24105482941482756,False,4,104.01985621282157,3,0.14579407374064127,True,0
10.73,0.24142835381466674,0.24438264101564144,0.2429054974151541,False,4,104.23549766527083,3,0.14579407374064127,True,0
10.79,0.24218022172150908,0.2430743666024295,0.2426272941619693,False,4,104.48823469794435,3,0.14579407374064127,True,0
10.86,0.2395121142131416,0.2426379968982667,0.24107505555570416,False,4,104.27576332520036,3,0.14579407374064127,True,0
10.93,0.24451909939406188,0.2381213371808935,0.24132021828747768,False,4,104.16687960138279,3,0.14579407374064127,True,0
10.99,0.2435005529649856,0.2600873023570149,0.2517939276610002,False,4,104.47093466664347,3,0.14579407374064127,True,0
11.05,0.24894509460326647,0.2434972239761627,0.24622115928971458,False,4,104.747748685958,3,0.14579407374064127,True,0
11.11,0.25393382548827265,0.2509903491079532,0.2524620872981129,False,4,104.58730350293999,3,0.14579407374064127,True,0
11.17,0.25012144945187,0.2511538142287847,0.25063763184032734,False,4,104.35091593974232,3,0.14579407374064127,True,0
11.23,0.2515276519862346,0.25030693761343376,0.25091729479983416,False,4,103.9744486084806,3,0.14579407374064127,True,0
11.29,0.2517066959545842,0.2514486881872853,0.2515776920709347,False,4,104.01223489969388,3,0.14579407374064127,True,0
11.36,0.25426528556466815,0.25111540498185736,0.25269034527326273,False,4,104.07292908135884,3,0.14579407374064127,True,0
11.42,0.24192365077470968,0.24594139777175905,0.24393252427323436,False,4,104.1208244423033,3,0.14579407374064127,True,0
11.48,0.2375531100165249,0.22819962552286507,0.232876367769695,False,4,104.17761172637978,3,0.14579407374064127,True,0
11.54,0.2331014062796473,0.22116664967573252,0.2271340279776899,False,4,104.04115426863581,3,0.14579407374064127,True,0
11.61,0.1638055803356281,0.16967340396751274,0.1667394921515704,False,4,103.08187430194403,3,0.14579407374064127,True,0
11.67,0.15675112320199097,0.17111550540078505,0.16393331430138802,False,4,102.5263700119774,3,0.14579407374064127,True,0
11.74,0.14211935772743664,0.15998879234378544,0.15105407503561102,False,4,102.53390492894286,3,0.14579407374064127,True,0
11.81,0.10819976178169478,0.16588769806491993,0.13704372992330735,False,4,102.08173506897285,3,0.14579407374064127,True,0
11.89,0.10021742214675237,0.15128098085438463,0.1257492015005685,False,4,102.74145020338474,3,0.14579407374064127,True,0
11.96,0.10104706368838258,0.11775932489034079,0.10940319428936168,False,4,102.49860043822152,3,0.14579407374064127,True,0
12.02,0.10297841933387795,0.12089802807025095,0.11193822370206445,False,4,102.61958510061469,3,0.14579407374064127,True,0
12.1,0.09966252903303585,0.12320644838113282,0.11143448870708433,False,4,102.55043173524447,3,0.14579407374064127,True,0
12.18,0.10065819967989348,0.10955726356653268,0.10510773162321307,False,4,102.6395597476315,3,0.14579407374064127,True,0
12.26,0.10143960538152873,0.08680309353821762,0.09412134945987317,False,4,103.0147682316531,3,0.14579407374064127,True,0
12.33,0.08861913205482967,0.10145573648085406,0.09503743426784186,False,4,103.70474695772987,3,0.14579407374064127,True,0
12.39,0.09273548619680758,0.1244403664320232,0.10858792631441538,False,4,103.31778861530572,3,0.14579407374064127,True,0
12.45,0.0938215253679399,0.15607954275270206,0.12495053406032097,False,4,103.52338366571223,3,0.14579407374064127,True,0
12.51,0.14359877634792723,0.1609676649832429,0.15228322066558506,False,4,103.32962459531649,3,0.14579407374064127,True,0
12.57,0.23676861035710173,0.19278651971599003,0.21477756503654588,False,4,102.29173070715952,3,0.14579407374064127,True,0
12.63,0.2632186455573563,0.26075792007386606,0.26198828281561115,True,5,104.47630205269425,3,0.14579407374064127,True,0
12.7,0.26130877755579546,0.2551667801996135,0.2582377788777045,False,5,104.94789997417027,3,0.14579407374064127,True,0
12.77,0.25042749333130593,0.25705780237433534,0.25374264785282064,False,5,104.63140760160644,3,0.14579407374064127,True,0
12.84,0.24869046662230357,0.25435055773634313,0.25152051217932336,False,5,104.84492069256487,3,0.14579407374064127,True,0
12.91,0.2586266412835709,0.2608491419843995,0.2597378916339852,False,5,104.66688872192584,3,0.14579407374064127,True,0
12.97,0.2521746159041866,0.25930544877377076,0.2557400323389787,False,5,104.65237982083174,3,0.14579407374064127,True,0
13.03,0.26894443778289784,0.2615287758522114,0.2652366068175546,False,5,104.85411119537078,3,0.14579407374064127,True,0
13.12,0.2703119804908603,0.26178756095766487,0.2660497707242626,False,5,104.99563142944365,3,0.14579407374064127,True,0
13.19,0.27434334213781403,0.2626681497181454,0.2685057459279797,False,5,105.02245268630094,3,0.14579407374064127,True,0
13.26,0.2632917697188699,0.2625141594017204,0.26290296456029516,False,5,105.18796235832596,3,0.14579407374064127,True,0
13.32,0.26367293889803817,0.257823841405086,0.2607483901515621,False,5,104.53991213678722,3,0.14579407374064127,True,0
13.39,0.2644435259022362,0.26453109949784354,0.2644873127000399,False,5,105.06339091645523,3,0.14579407374064127,True,0
13.45,0.2693910914236088,0.2808583217827053,0.275124706603157,False,5,104.6029891739404,3,0.14579407374064127,True,0
13.52,0.269185170925286,0.27723746992752196,0.27321132042640395,False,5,104.62421167067725,3,0.14579407374064127,True,0
13.57,0.26430214989657175,0.2501170210308342,0.257209585463703,False,5,104.21995888485084,3,0.14579407374064127,True,0
13.63,0.24189385653949277,0.24530746942472326,0.24360066298210803,False,5,104.45129108462177,3,0.14579407374064127,True,0
13.7,0.216157432640767,0.23098971624524892,0.22357357444300796,False,5,103.86289807567637,3,0.14579407374064127,True,0
13.76,0.18937683137886566,0.2228397024452569,0.20610826691206127,False,5,103.34091742618112,3,0.14579407374064127,True,0
13.82,0.091840982480319,0.16518442808015676,0.1285127052802379,False,5,103.47797009206164,3,0.14579407374064127,True,0
13.88,0.08531981897443922,0.15193037823713507,0.11862509860578714,False,5,104.2673498168677,3,0.14579407374064127,True,0
13.96,0.07704231980363954,0.16711067526251833,0.12207649753307893,False,5,104.10838551090302,3,0.14579407374064127,True,0
14.02,0.08812594145567729,0.14772337952595327,0.11792466049081528,False,5,104.62559450402688,3,0.14579407374064127,True,0
14.09,0.09932031354706496,0.15919592078899378,0.12925811716802937,False,5,104.22191801011179,3,0.14579407374064127,True,0
14.15,0.08483502451793988,0.17033025455598041,0.12758263953696014,False,5,104.34825468252359,3,0.14579407374064127,True,0
14.22,0.08167083575764437,0.1563900633966641,0.11903044957715422,False,5,104.6286331867723,3,0.14579407374064127,True,0
14.28,0.07415093756150457,0.14610152164785753,0.11012622960468105,False,5,105.1261169855741,3,0.14579407374064127,True,0
14.34,0.08053205723819472,0.14840487253893406,0.11446846488856438,False,5,105.52669483357371,3,0.14579407374064127,True,0
14.4,0.05780210702746836,0.13450880540573312,0.09615545621660074,False,5,105.56939090917655,3,0.14579407374064127,True,0
14.46,0.07563641251818386,0.16035421361367488,0.11799531306592936,False,5,105.68028846773504,3,0.14579407374064127,True,0
14.52,0.08917643039289497,0.17403629002894608,0.13160636021092054,False,5,104.82634821685664,3,0.14579407374064127,True,0
14.58,0.08245048299125905,0.17859373086807814,0.1305221069296686,False,5,104.92999690147265,3,0.14579407374064127,True,0
14.64,0.2063872368465504,0.22889221124824743,0.2176397240473989,False,5,103.45863360383512,3,0.14579407374064127,True,0
14.73,0.2184552216370891,0.22908983796481328,0.2237725298009512,True,6,104.20471894223746,3,0.14579407374064127,True,0
14.8,0.22491436209433788,0.236564551243558,0.23073945666894793,False,6,104.28026690295769,3,0.14579407374064127,True,0
14.87,0.23371155857011952,0.23743838528116312,0.2355749719256413,False,6,104.48884951909704,3,0.14579407374064127,True,0
14.94,0.23338638955701588,0.2339144344702202,0.23365041201361803,False,6,104.36700002220445,3,0.14579407374064127,True,0
0.0,0.2800566193682898,0.2616594546545477,0.27085803701141875,False,0,112.92739328663173,0,0.0,True,1
0.06,0.2708578107723564,0.2527136041615868,0.2617857074669716,False,0,112.6816713667634,0,0.0,True,1
0.12,0.2734083625437389,0.25618277620138985,0.2647955693725644,False,0,111.97637251215636,0,0.0,True,1
0.19,0.26760725575788985,0.2520998079443671,0.25985353185112847,False,0,112.49908109756261,0,0.0,True,1
0.25,0.2533386756554824,0.2548847673378805,0.2541117214966815,False,0,111.7390411982106,0,0.0,True,1
0.32,0.2534157733739765,0.25754962141659166,0.25548269739528406,False,0,111.58917078955936,0,0.0,True,1
0.39,0.25094050072132423,0.25346707001411933,0.2522037853677218,False,0,111.5016911357302,0,0.0,True,1
0.46,0.25848120213851516,0.2391329631941154,0.2488070826663153,False,0,111.90819991627967,0,0.0,True,1
0.53,0.2548836828970273,0.24007995629291662,0.24748181959497195,False,0,112.06127200559666,0,0.0,True,1
0.59,0.2511514722932003,0.23617878232359424,0.24366512730839726,False,0,112.00262402241842,0,0.0,True,1
0.66,0.2372699646524363,0.2434161900813576,0.24034307736689695,False,0,112.36752787145676,0,0.0,True,1
0.73,0.24218450300707353,0.23882980783509716,0.24050715542108536,False,0,112.2205765082762,0,0.0,True,1
0.79,0.24150691686122258,0.23936409121182842,0.2404355040365255,False,0,112.41744783564826,0,0.0,True,1
0.86,0.22754845353984338,0.2454429062960828,0.2364956799179631,False,0,112.57760130344522,0,0.0,True,1
0.93,0.2331995245627327,0.2512864045802118,0.24224296457147226,False,0,111.96637073490169,0,0.0,True,1
0.99,0.23783647202238392,0.24673407972360523,0.2422852758729946,False,0,112.18279426181994,0,0.0,True,1
1.06,0.24095034362955306,0.23942363353228005,0.24018698858091656,False,0,112.01572529968253,0,0.0,True,1
1.14,0.23529168324058589,0.2473335148838456,0.24131259906221575,False,0,112.14531155194315,0,0.0,True,1
1.23,0.24348062428656986,0.23722241333061742,0.24035151880859362,False,0,111.91920215334365,0,0.0,True,1
1.29,0.2415732636112235,0.24431551317294742,0.24294438839208546,False,0,111.61682545002874,0,0.0,True,1
1.35,0.2458086646428442,0.24435742843271394,0.24508304653777907,False,0,111.19667628944137,0,0.0,True,1
1.43,0.22218294441100134,0.24098259868057978,0.23158277154579054,False,0,112.12364817218157,0,0.0,True,1
1.49,0.22162450738106773,0.2446598781530133,0.2331421927670405,False,0,112.13611053659056,0,0.0,True,1
1.55,0.21945128165935385,0.24276198480109046,0.23110663323022215,False,0,112.37075410950874,0,0.0,True,1
1.62,0.22259531604872443,0.23862543255383442,0.23061037430127942,False,0,111.97543838890475,0,0.0,True,1
1.69,0.23301078103252854,0.23673297703695517,0.23487187903474185,False,0,112.18285262892053,0,0.0,True,1
1.76,0.23367953672463235,0.23534901349690113,0.23451427511076672,False,0,112.2122554402323,0,0.0,True,1
1.82,0.24453417336644087,0.2476162024278567,0.24607518789714877,False,0,111.92254680199044,0,0.0,True,1
1.89,0.23753525958631,0.2456797235100954,0.2416074915482027,False,0,112.68237697856878,0,0.0,True,1
1.96,0.24802228836722062,0.24457880259594966,0.24630054548158514,False,0,112.46376555703584,0,0.0,True,1
2.02,0.24818748690126022,0.25412015521765324,0.2511538210594567,False,0,112.62946536374388,0,0.0,True,1
2.09,0.23849383686900946,0.24531389120282268,0.24190386403591607,False,0,112.27205187624007,0,0.0,True,1
2.18,0.23862255420061154,0.24641007965655243,0.242516316928582,False,0,112.15204590732073,0,0.0,True,1
2.25,0.16293881178989209,0.18866807497406485,0.17580344338197845,False,0,111.850691061191,0,0.0,True,1
2.33,0.14582559993875202,0.2005758911631759,0.17320074555096396,False,0,112.32742171803926,0,0.0,True,1
2.43,0.21031437432060598,0.22918369342718775,0.21974903387389688,False,0,110.849571353109,0,0.0,True,1
2.5,0.20674066057024726,0.21809387460553445,0.21241726758789087,False,0,111.01680440319691,0,0.0,True,1
2.57,0.22223679401268534,0.238694350082355,0.23046557204752016,False,0,111.04495022468817,0,0.0,True,1
2.68,0.21492213318366804,0.23853251465758396,0.226727323920626,False,0,111.043826004849,0,0.0,True,1
2.75,0.21590940798104868,0.23299890673408644,0.22445415735756757,False,0,112.03558971198086,0,0.0,True,1
2.83,0.22234430775586672,0.23619846969630198,0.22927138872608435,False,0,111.47350817342232,0,0.0,True,1
2.89,0.22085482423157982,0.23797725742948572,0.22941604083053277,False,0,111.3979119424635,0,0.0,True,1
2.95,0.18005744646084,0.17089621035532576,0.17547682840808287,False,0,112.22329699440552,0,0.0,True,1
3.03,0.18131490446787799,0.20546660638665676,0.19339075542726736,False,0,111.8495793579725,0,0.0,True,1
3.09,0.185668297774971,0.2184119977821243,0.20204014777854765,False,0,111.8507219459512,0,0.0,True,1
3.16,0.18465192964807647,0.20555619945489806,0.19510406455148727,False,0,111.68094708110922,0,0.0,True,1
3.22,0.15732109464115446,0.19885050162651405,0.17808579813383424,False,0,111.30210771543503,0,0.0,True,1
3.29,0.16024671938455787,0.20663471042677203,0.18344071490566494,False,0,111.35360030044214,0,0.0,True,1
3.36,0.18234685021371919,0.19231542246909558,0.18733113634140738,False,0,111.7539764423218,0,0.0,True,1
3.43,0.19952279643400922,0.20811392735491513,0.20381836189446217,False,0,111.71177775591383,0,0.0,True,1
3.49,0.20415417717662013,0.22286951014554685,0.2135118436610835,False,0,111.41149601046118,0,0.0,True,1
3.56,0.2108902445227415,0.2237570310451023,0.21732363778392189,True,1,111.21799466297009,0,0.0,True,1
3.62,0.2160501941756787,0.22058293394451123,0.21831656406009498,False,1,111.54998510807158,0,0.0,True,1
3.69,0.2107133821839126,0.22126863521362455,0.21599100869876858,False,1,111.31151889715115,0,0.0,True,1
3.75,0.20819967559497995,0.2303840977184802,0.21929188665673008,False,1,111.0994828308323,0,0.0,True,1
3.82,0.2180518105995659,0.23872209997856653,0.22838695528906622,False,1,111.08409460680596,0,0.0,True,1
3.89,0.21968537823726586,0.23271156599749618,0.22619847211738103,False,1,110.93275120635512,0,0.0,True,1
3.96,0.22357040140208514,0.22907564740349753,0.22632302440279134,False,1,111.28347573281164,0,0.0,True,1
4.03,0.22834484730595234,0.23311827301969684,0.2307315601628246,False,1,111.13385841693983,0,0.0,True,1
4.09,0.22293473796905983,0.22963102348738543,0.2262828807282226,False,1,110.89112051394095,0,0.0,True,1
4.16,0.23004099456599225,0.23997974308342115,0.23501036882470672,False,1,110.94910204630067,0,0.0,True,1
4.22,0.22552085607295425,0.24105370949312538,0.2332872827830398,False,1,110.77914455904077,0,0.0,True,1
4.29,0.22833548903650452,0.2454367100622429,0.23688609954937373,False,1,110.74154472646129,0,0.0,True,1
4.36,0.22281111790283561,0.24586298571358275,0.23433705180820918,False,1,110.41659232596238,0,0.0,True,1
4.43,0.22867768418718026,0.24734269087609226,0.23801018753163627,False,1,110.27144122990487,0,0.0,True,1
4.49,0.23951133738303193,0.2434626732108213,0.24148700529692663,False,1,110.38713067152665,0,0.0,True,1
4.56,0.23721729148122536,0.2500161685201739,0.2436167300006996,False,1,110.72257659353426,0,0.0,True,1
4.63,0.2401281293002539,0.2512405863212287,0.2456843578107413,False,1,111.3196995342467,0,0.0,True,1
4.69,0.2586640365455635,0.26251785341963885,0.26059094498260116,False,1,110.78197209111259,0,0.0,True,1
4.76,0.2494913245882985,0.2646199896439794,0.257055657116139,False,1,111.3186147557545,0,0.0,True,1
4.82,0.2599682268229233,0.26968989709908286,0.2648290619610031,False,1,111.7689942060767,0,0.0,True,1
4.88,0.2754619079332266,0.29970583234987114,0.28758387014154885,False,1,111.823817424097,0,0.0,True,1
4.94,0.27664414675830806,0.29837146104499523,0.28750780390165165,False,1,111.56500417101765,0,0.0,True,1
5.01,0.27608029703173953,0.29718916857142996,0.28663473280158475,False,1,111.56677075655202,0,0.0,True,1
5.07,0.2688030452992775,0.296424972811069,0.28261400905517325,False,1,112.09245747024184,0,0.0,True,1
5.15,0.2587024079779585,0.29187662941716097,0.27528951869755974,False,1,110.81690345973038,0,0.0,True,1
5.21,0.25140914057605646,0.2791984135271299,0.26530377705159314,False,1,110.28718039201935,0,0.0,True,1
5.27,0.25591549616141196,0.2692270814675371,0.26257128881447456,False,1,109.35124486189679,0,0.0,True,1
5.35,0.2603859888313726,0.27123227694145013,0.2658091328864114,False,1,105.87651076304766,0,0.0,True,1
5.42,0.2658437860798798,0.27694595557193097,0.2713948708259054,False,1,104.61648430314057,0,0.0,True,1
5.5,0.22128809518770073,0.27870838308844154,0.24999823913807112,False,1,100.90889351537783,1,5.449320077896118,True,1
5.58,0.20754188346826194,0.28054659523653164,0.24404423935239677,False,1,100.7473239614755,1,5.449320077896118,True,1
5.66,0.23813499256653609,0.2829037992349298,0.2605193959007329,False,1,98.5419808531862,2,2.761283040046692,True,1
5.73,0.23501158247805606,0.2565652351055915,0.2457884087918238,False,1,99.73197034795702,2,2.761283040046692,True,1
5.8,0.2414924491393192,0.2752025667476701,0.25834750794349465,False,1,99.35338547588069,2,2.761283040046692,True,1
5.87,0.22345235432271995,0.24988402587758002,0.23666819010015,False,1,100.04906804219627,2,2.761283040046692,True,1
5.94,0.23065426909508707,0.2562703613239157,0.24346231520950137,False,1,101.4790139919228,2,2.761283040046692,True,1
6.0,0.22199260450496378,0.18627233247555453,0.20413246849025915,False,1,101.8320631120564,2,2.761283040046692,True,1
6.05,0.13569894701201898,0.1204757650894928,0.12808735605075589,False,1,101.82143545172961,2,2.761283040046692,True,1
6.12,0.13322213160469804,0.17564974509800685,0.15443593835135244,False,1,101.58077866258597,2,2.761283040046692,True,1
6.19,0.1667532758938923,0.19248283080643364,0.17961805335016295,False,1,101.47263013784561,2,2.761283040046692,True,1
6.25,0.17595008234947937,0.2083295858529109,0.19213983410119512,False,1,101.78273997907343,2,2.761283040046692,True,1
6.31,0.17383434810578755,0.20368040429231446,0.188757376199051,False,1,101.11959679138587,2,2.761283040046692,True,1
6.37,0.18292647361265113,0.21409440207021263,0.19851043784143188,False,1,101.8051908863012,2,2.761283040046692,True,1
6.44,0.18904909140905138,0.23809972398523005,0.2135744076971407,False,1,101.45864323791133,2,2.761283040046692,True,1
6.5,0.19424082482825386,0.22764303605960792,0.2109419304439309,True,2,101.73008919616494,2,2.761283040046692,True,1
6.56,0.19794758671019494,0.2436802678937882,0.22081392730199156,False,2,102.32854500792733,2,2.761283040046692,True,1
6.62,0.1988301362333721,0.24043697236467051,0.21963355429902132,False,2,102.58836188889256,2,2.761283040046692,True,1
6.69,0.19807804363712314,0.23763280019360894,0.21785542191536605,False,2,102.91790018252465,2,2.761283040046692,True,1
6.76,0.2000185556465583,0.24012897619972093,0.2200737659231396,False,2,102.5681478624321,2,2.761283040046692,True,1
6.82,0.20519215146119774,0.23622061397618038,0.22070638271868906,False,2,102.0757537731079,2,2.761283040046692,True,1
6.9,0.20054528886617895,0.24169835934229167,0.2211218241042353,False,2,103.18306711794065,2,2.761283040046692,True,1
6.98,0.19559380698447026,0.25222354882705916,0.2239086779057647,False,2,102.68644012011022,2,2.761283040046692,True,1
7.05,0.18168053073979054,0.2582722725293213,0.2199764016345559,False,2,102.47797198235168,2,2.761283040046692,True,1
7.1,0.1834115572771081,0.24746634713600957,0.21543895220655884,False,2,102.89489876134782,2,2.761283040046692,True,1
7.17,0.17996595543333424,0.25158972048257544,0.21577783795795485,False,2,102.89710785167009,2,2.761283040046692,True,1
7.24,0.1766893477307569,0.24230397129908074,0.2094966595149188,False,2,103.18775432519385,2,2.761283040046692,True,1
7.29,0.18063462726178148,0.23786385555796563,0.20924924140987355,False,2,103.92246127880239,2,2.761283040046692,True,1
7.35,0.18908986660252122,0.2522102678118185,0.22065006720716984,False,2,103.0037405366353,2,2.761283040046692,True,1
7.42,0.1795477383304103,0.25700136290015807,0.21827455061528417,False,2,102.80407591854623,2,2.761283040046692,True,1
7.55,0.1605986030049225,0.2544121913426713,0.2075053971737969,False,2,103.63283557690883,2,2.761283040046692,True,1
7.63,0.0857168677589985,0.23844394420207565,0.16208040598053708,False,2,104.70685684776625,2,2.761283040046692,True,1
7.69,0.08123879960601607,0.24808090441030378,0.1646598520081599,False,2,105.31094983516951,2,2.761283040046692,True,1
7.75,0.10533646092636315,0.24388784159886684,0.17461215126261498,False,2,105.09543013719012,2,2.761283040046692,True,1
7.82,0.07900982457968363,0.23418754741568967,0.15659868599768664,False,2,105.70899447456925,2,2.761283040046692,True,1
7.88,0.11209273900731201,0.23741034544596504,0.17475154222663852,False,2,105.58988819740541,2,2.761283040046692,True,1
7.95,0.14382578916862968,0.22899085327571525,0.18640832122217246,False,2,105.04160013456274,2,2.761283040046692,True,1
8.01,0.15252453606913108,0.23829791813313372,0.1954112271011324,False,2,105.10863891473576,2,2.761283040046692,True,1
8.07,0.1971096497255558,0.23625988777582244,0.21668476875068912,False,2,104.51788266779799,2,2.761283040046692,True,1
8.13,0.19151010041607014,0.24648932524998254,0.21899971283302633,True,3,105.16476304595463,2,2.761283040046692,True,1
8.2,0.21933698735042145,0.2520717108338555,0.23570434909213847,False,3,104.988410504825,2,2.761283040046692,True,1
8.28,0.21719380161622254,0.24192448212744297,0.22955914187183274,False,3,104.77132135589359,2,2.761283040046692,True,1
8.34,0.21557239174511714,0.24636258871644473,0.23096749023078095,False,3,104.85678512772796,2,2.761283040046692,True,1
8.4,0.2104803809492474,0.2403248002472471,0.22540259059824724,False,3,104.62189523217285,2,2.761283040046692,True,1
8.46,0.1609357701775106,0.2081483223862727,0.18454204628189164,False,3,103.58860447965463,2,2.761283040046692,True,1
8.52,0.17448373578182105,0.18003650905735888,0.17726012241958997,False,3,103.91921989366506,2,2.761283040046692,True,1
8.58,0.1318366132404049,0.14482161309389935,0.13832911316715213,False,3,102.5608002313657,2,2.761283040046692,True,1
8.64,0.13376724765109996,0.15633403202638343,0.1450506398387417,False,3,102.56383297705698,2,2.761283040046692,True,1
8.72,0.12943139676586435,0.17121573758829534,0.15032356717707984,False,3,102.97432037924658,2,2.761283040046692,True,1
8.78,0.10482741548931519,0.17923961784932047,0.14203351666931782,False,3,103.30311558329731,2,2.761283040046692,True,1
8.86,0.1275544611482655,0.1460394626381738,0.13679696189321966,False,3,101.6883942755428,2,2.761283040046692,True,1
8.94,0.11887087064644379,0.14714867147482635,0.13300977106063508,False,3,102.43827976839523,2,2.761283040046692,True,1
9.01,0.15437096354612992,0.1709442991660328,0.16265763135608136,False,3,101.40825543752464,2,2.761283040046692,True,1
9.08,0.13396554435358937,0.1574981109473416,0.1457318276504655,False,3,101.53647062950563,2,2.761283040046692,True,1
9.17,0.13729773753248656,0.1783846818105927,0.15784120967153964,False,3,102.37495574369918,2,2.761283040046692,True,1
9.24,0.12598650549848023,0.15825318228390134,0.14211984389119078,False,3,102.078224689558,2,2.761283040046692,True,1
9.31,0.1133822988899565,0.148802550563182,0.13109242472656926,False,3,102.95141650531488,2,2.761283040046692,True,1
9.37,0.18410676926980066,0.2503705279871754,0.21723864862848802,False,3,103.30103474876475,2,2.761283040046692,True,1
9.45,0.19796079531166658,0.25494017679491465,0.2264504860532906,False,3,103.04011265811565,2,2.761283040046692,True,1
9.52,0.2085835491465327,0.2576026831885265,0.23309311616752962,False,3,103.16378305319742,2,2.761283040046692,True,1
9.59,0.20606235477917104,0.26410871976601624,0.23508553727259363,True,4,103.26602415832784,2,2.761283040046692,True,1
9.66,0.2140684854813863,0.26187364335065766,0.23797106441602198,False,4,103.48075304157476,2,2.761283040046692,True,1
9.74,0.22996342207836556,0.26684598725605435,0.24840470466720996,False,4,103.77064040476276,2,2.761283040046692,True,1
9.81,0.23698983673469173,0.27168001255318286,0.2543349246439373,False,4,103.82028077571115,2,2.761283040046692,True,1
9.89,0.23569391665756984,0.2675240361222767,0.2516089763899233,False,4,103.98433372596541,2,2.761283040046692,True,1
9.95,0.23773209236703868,0.2691445097999217,0.2534383010834802,False,4,103.95941578429364,2,2.761283040046692,True,1
10.03,0.23836531199038496,0.27037103843518145,0.2543681752127832,False,4,103.69378091562103,2,2.761283040046692,True,1
10.1,0.2358126807815882,0.2785018525307871,0.25715726665618766,False,4,103.6945705631133,2,2.761283040046692,True,1
10.17,0.238360238718541,0.2795167551279233,0.2589384969232321,False,4,103.75140946969844,2,2.761283040046692,True,1
10.24,0.23263221685838079,0.27629166186551135,0.25446193936194605,False,4,103.68896181780833,2,2.761283040046692,True,1
10.3,0.24533538982601877,0.2701833151468825,0.25775935248645065,False,4,103.8128772139753,2,2.761283040046692,True,1
10.36,0.25100258892476845,0.2814849864252025,0.26624378767498547,False,4,103.96004534512342,2,2.761283040046692,True,1
10.43,0.24459409981506042,0.26938484649988004,0.2569894731574702,False,4,103.99935549559609,2,2.761283040046692,True,1
10.48,0.2376397420372259,0.2716048916686867,0.2546223168529563,False,4,103.69428045325682,2,2.761283040046692,True,1
10.54,0.24197294106127928,0.2724029827952077,0.2571879619282435,False,4,103.81809824378493,2,2.761283040046692,True,1
10.62,0.23680901231857882,0.27320093929836387,0.25500497580847137,False,4,104.09336392154447,2,2.761283040046692,True,1
10.69,0.24021632395605652,0.27705543842478975,0.25863588119042313,False,4,103.96969656262951,2,2.761283040046692,True,1
10.78,0.24067155232767468,0.27608678056915104,0.25837916644841286,False,4,104.24998216592186,2,2.761283040046692,True,1
10.85,0.23980491182983502,0.2710904900437549,0.255447700936795,False,4,104.22758821315959,2,2.761283040046692,True,1
10.92,0.2369770036082118,0.2849539298640671,0.26096546673613946,False,4,103.8935919270159,2,2.761283040046692,True,1
10.98,0.22669548601987607,0.28328791236925865,0.2549916991945674,False,4,104.15814873447056,2,2.761283040046692,True,1
11.04,0.2353890395734579,0.28322550913012606,0.25930727435179196,False,4,104.26454429629047,2,2.761283040046692,True,1
11.1,0.2357695497134447,0.28021085659390216,0.25799020315367344,False,4,103.88323531237178,2,2.761283040046692,True,1
11.17,0.23460614128870758,0.27368397283919244,0.25414505706395,False,4,103.84287636138862,2,2.761283040046692,True,1
11.22,0.24258024087028335,0.2764634402968481,0.25952184058356575,False,4,104.10124618897305,2,2.761283040046692,True,1
11.28,0.24817919196433447,0.27407103168310626,0.26112511182372034,False,4,104.38752037924513,2,2.761283040046692,True,1
11.35,0.2472080009849354,0.2786835484094719,0.26294577469720365,False,4,104.65472902644316,2,2.761283040046692,True,1
11.41,0.2452738218810716,0.26326174698208854,0.25426778443158005,False,4,104.35011712757256,2,2.761283040046692,True,1
11.49,0.24450112373318023,0.2635628569367409,0.2540319903349606,False,4,104.17098688772654,2,2.761283040046692,True,1
11.55,0.1714041255482291,0.22316756607075017,0.19728584580948963,False,4,103.00880194808866,2,2.761283040046692,True,1
11.62,0.12650780454616903,0.20145705645723694,0.16398243050170297,False,4,103.94152878930149,2,2.761283040046692,True,1
11.67,0.12785955712189587,0.20117684671673627,0.16451820191931607,False,4,103.675361999208,2,2.761283040046692,True,1
11.73,0.11206939499649494,0.20556147625085427,0.15881543562367462,False,4,104.39820003693771,2,2.761283040046692,True,1
11.8,0.09894518088179277,0.18835665720919859,0.14365091904549568,False,4,104.49679756318623,2,2.761283040046692,True,1
11.86,0.1254287763267191,0.2056366559208476,0.16553271612378334,False,4,103.90423758234816,2,2.761283040046692,True,1
11.92,0.12777529805879817,0.1955113826285513,0.16164334034367472,False,4,105.22257418290151,2,2.761283040046692,True,1
11.99,0.11624415352589523,0.20111664536302246,0.15868039944445883,False,4,104.96622939804944,2,2.761283040046692,True,1
12.05,0.1330605195483701,0.19195216561794637,0.16250634258315821,False,4,104.2260342594763,2,2.761283040046692,True,1
12.12,0.12414636996464225,0.16397196919440227,0.14405916957952225,False,4,104.41644561697905,2,2.761283040046692,True,1
12.18,0.13261042378586735,0.17881015702060438,0.15571029040323586,False,4,104.47648400866447,2,2.761283040046692,True,1
12.24,0.17963407349118252,0.20954876323413804,0.19459141836266028,False,4,103.95384299867544,2,2.761283040046692,True,1
12.3,0.17335880368082082,0.21787445213397477,0.1956166279073978,False,4,104.36905275430175,2,2.761283040046692,True,1
12.37,0.17654973822439118,0.24170534453998022,0.2091275413821857,False,4,104.52947669591046,2,2.761283040046692,True,1
12.43,0.22287300749203878,0.2564036377153987,0.23963832260371876,True,5,105.93963042901771,2,2.761283040046692,True,1
12.49,0.23276541404029616,0.26434285163942617,0.24855413283986116,False,5,105.48463210771251,2,2.761283040046692,True,1
12.57,0.231660739506808,0.2662970463858037,0.24897889294630585,False,5,104.99606635211296,2,2.761283040046692,True,1
12.65,0.2435579575376252,0.2625742290030708,0.253066093270348,False,5,105.19271314598468,2,2.761283040046692,True,1
12.72,0.2430163049088265,0.25770960537249327,0.25036295514065987,False,5,105.28543226902062,2,2.761283040046692,True,1
12.78,0.25113822648674156,0.26290890586644355,0.25702356617659255,False,5,105.38505256811995,2,2.761283040046692,True,1
12.85,0.2529354362178047,0.26222173739336047,0.25757858680558254,False,5,104.87878966484266,2,2.761283040046692,True,1
12.92,0.25996702105385966,0.25832562310425966,0.25914632207905963,False,5,104.82300916471527,2,2.761283040046692,True,1
12.98,0.2634616341461825,0.26091010671275217,0.26218587042946734,False,5,105.51150871466659,2,2.761283040046692,True,1
13.04,0.26769625112472467,0.263558883668427,0.26562756739657584,False,5,105.85806298150119,2,2.761283040046692,True,1
13.11,0.27098271275400443,0.26510110998532,0.2680419113696622,False,5,105.51467442186302,2,2.761283040046692,True,1
13.18,0.2708235908709943,0.2541286004392468,0.26247609565512053,False,5,105.56639750577666,2,2.761283040046692,True,1
13.23,0.26339017658894615,0.2491081870656428,0.2562491818272945,False,5,105.84087353545685,2,2.761283040046692,True,1
13.3,0.26467500744163797,0.26144693684362974,0.26306097214263385,False,5,105.77743940848964,2,2.761283040046692,True,1
13.37,0.2628056235812645,0.25876494844896913,0.26078528601511686,False,5,105.67590612337287,2,2.761283040046692,True,1
13.44,0.27220247330961783,0.26059188227076024,0.266397177790189,False,5,105.98283037776498,2,2.761283040046692,True,1
13.5,0.27954069281926686,0.2645177502580872,0.27202922153867704,False,5,106.33147190542019,2,2.761283040046692,True,1
13.56,0.2781975381200653,0.26888247982659785,0.2735400089733316,False,5,106.3918183799054,2,2.761283040046692,True,1
13.62,0.2761604143287376,0.2694610884693129,0.2728107513990252,False,5,106.30354738322549,2,2.761283040046692,True,1
13.68,0.264476992727068,0.2707266384196713,0.26760181557336965,False,5,106.11637698065945,2,2.761283040046692,True,1
13.75,0.2769638708885262,0.2512963067048727,0.2641300887966994,False,5,106.02594251624058,2,2.761283040046692,True,1
13.81,0.27094365013869526,0.25809287378390844,0.26451826196130185,False,5,106.14608228480037,2,2.761283040046692,True,1
13.88,0.2768832529977339,0.276956884689083,0.2769200688434085,False,5,106.19294435774036,2,2.761283040046692,True,1
13.95,0.28768956247604033,0.27218990292898143,0.2799397327025109,False,5,106.97832152547551,2,2.761283040046692,True,1
14.01,0.27492196734676544,0.27366937916132605,0.27429567325404575,False,5,106.69902383196843,2,2.761283040046692,True,1
14.08,0.2965141589080834,0.3004613577834858,0.2984877583457846,False,5,106.96852076148035,2,2.761283040046692,True,1
14.17,0.2925349536711047,0.3022611646621759,0.2973980591666403,False,5,107.05128746882322,2,2.761283040046692,True,1
14.24,0.30205432293452616,0.2933861300980601,0.29772022651629315,False,5,106.60234818092252,2,2.761283040046692,True,1
14.3,0.29880692508105655,0.2908462837657029,0.2948266044233797,False,5,106.6757644577482,2,2.761283040046692,True,1
14.37,0.302877322413508,0.2901765795572125,0.29652695098536025,False,5,106.48136492310144,2,2.761283040046692,True,1
14.43,0.25240065661720024,0.28295070136734524,0.26767567899227274,False,5,106.6310149444372,2,2.761283040046692,True,1
14.49,0.2535943863015764,0.286217304944569,0.2699058456230727,False,5,106.52085002921035,2,2.761283040046692,True,1
14.55,0.24167584549669902,0.28577913197408683,0.2637274887353929,False,5,106.16426153978747,2,2.761283040046692,True,1
14.62,0.2232866608615231,0.2538905628009907,0.2385886118312569,False,5,105.41452126445925,2,2.761283040046692,True,1
14.69,0.20337676589618106,0.2384776606783043,0.22092721328724269,False,5,104.90616842632625,2,2.761283040046692,True,1
14.76,0.18592605137499266,0.24121268908784185,0.21356937023141725,False,5,104.13488237374585,2,2.761283040046692,True,1
14.83,0.1479638553674016,0.1843784996560255,0.16617117751171356,False,5,104.67103646002772,2,2.761283040046692,True,1
14.9,0.17189115825212867,0.22220652149944045,0.19704883987578456,False,5,104.2195786235061,2,2.761283040046692,True,1
14.96,0.15341779162729555,0.232542292295604,0.19298004196144977,False,5,103.68708121908821,2,2.761283040046692,True,1
0.0,0.11266859175057643,0.1063949314777134,0.1095317616141449,False,0,106.20514487728856,0,0.0,True,2
0.06,0.1296820635707631,0.11355201068925665,0.12161703713000988,False,0,106.91481556698832,0,0.0,True,2
0.13,0.12104554992282729,0.1233708496518387,0.122208199787333,False,0,107.38647362728327,0,0.0,True,2
0.2,0.12952918663182328,0.14105527134569004,0.13529222898875665,False,0,105.91574131606129,0,0.0,True,2
0.26,0.1365314865425218,0.12550669748578644,0.13101909201415413,False,0,106.71702173452374,0,0.0,True,2
0.33,0.13330861188151072,0.10506671002634707,0.1191876609539289,False,0,106.1735768409784,0,0.0,True,2
0.39,0.1341389923089647,0.11552152041661448,0.12483025636278959,False,0,105.46193352285727,0,0.0,True,2
0.47,0.16313913722765824,0.15340465468250353,0.1582718959550809,False,0,105.41823416232326,0,0.0,True,2
0.54,0.21661570828021473,0.23816352168888966,0.22738961498455218,True,1,105.20086885971935,0,0.0,True,2
0.62,0.21552713074437632,0.22845928517307826,0.2219932079587273,False,1,105.93758096627595,0,0.0,True,2
0.69,0.21549741711569076,0.22680041256254857,0.22114891483911966,False,1,105.55123097879589,0,0.0,True,2
0.76,0.22274706769883473,0.24955999302593226,0.2361535303623835,False,1,105.60438218106732,0,0.0,True,2
0.84,0.22165262795264604,0.2525322003783504,0.2370924141654982,False,1,105.0760885727895,0,0.0,True,2
0.91,0.23244239855108498,0.24863210555975945,0.2405372520554222,False,1,105.42006183290925,0,0.0,True,2
1.0,0.23198930364063636,0.2566576005150044,0.24432345207782039,False,1,105.09235454630496,0,0.0,True,2
1.07,0.22965149046829358,0.23742356885627056,0.23353752966228208,False,1,104.93635028803604,0,0.0,True,2
1.15,0.2280164283845108,0.24632988161343028,0.23717315499897054,False,1,104.4088253011823,0,0.0,True,2
1.24,0.21912115866677986,0.23045470343576224,0.22478793105127104,False,1,104.22021262143079,0,0.0,True,2
1.31,0.18411988484867192,0.13352494473656595,0.15882241479261894,False,1,105.6539880257065,0,0.0,True,2
1.39,0.15262869593559525,0.11210445027409455,0.1323665731048449,False,1,105.50602597509425,0,0.0,True,2
1.47,0.14945126008200033,0.11616284215497877,0.13280705111848956,False,1,106.22221072411948,0,0.0,True,2
1.55,0.1542924166985334,0.11391437552208468,0.13410339611030905,False,1,105.96709883483258,0,0.0,True,2
1.63,0.14415296194127478,0.1068951618835652,0.12552406191242,False,1,106.48381991540477,0,0.0,True,2
1.7,0.1425562597614955,0.10885764826444397,0.12570695401296972,False,1,105.96321923893774,0,0.0,True,2
1.78,0.13016346094731215,0.09266841690347757,0.11141593892539486,False,1,106.38506427864263,0,0.0,True,2
1.86,0.13986381080542618,0.09312930679675196,0.11649655880108907,False,1,106.60069078639104,0,0.0,True,2
1.93,0.14989240681528118,0.09638904500434332,0.12314072590981226,False,1,106.134469697871,0,0.0,True,2
2.01,0.15470579832295323,0.11713763925533219,0.13592171878914272,False,1,105.45822137875294,0,0.0,True,2
2.1,0.21475757928585276,0.19747215265921134,0.20611486597253204,False,1,104.56593052135618,0,0.0,True,2
2.17,0.2185501659307778,0.21282420250377518,0.2156871842172765,True,2,104.55337521483592,0,0.0,True,2
2.24,0.22073054346978965,0.2263209811967969,0.22352576233329327,False,2,104.18222568117015,0,0.0,True,2
2.31,0.23129976656182838,0.2503754183993087,0.24083759248056855,False,2,104.5344201082944,0,0.0,True,2
2.38,0.23812670039476616,0.25641592102580285,0.24727131071028452,False,2,104.67490273195766,0,0.0,True,2
2.44,0.24835729938918488,0.26100312514826945,0.25468021226872717,False,2,104.85003188545214,0,0.0,True,2
2.5,0.27536912069605674,0.2945237876282225,0.2849464541621396,False,2,105.99292383248533,0,0.0,True,2
2.57,0.2740004346700783,0.30899965402030827,0.2915000443451933,False,2,105.4761888951518,0,0.0,True,2
2.65,0.28263675745672967,0.30822193857457125,0.29542934801565046,False,2,106.04615693824441,0,0.0,True,2
2.73,0.2792951964259235,0.3018026469327364,0.29054892167932994,False,2,105.94376446208994,0,0.0,True,2
2.79,0.28603367854740813,0.30510280648002264,0.2955682425137154,False,2,105.60831786962157,0,0.0,True,2
2.86,0.2780931680196383,0.3017579928708318,0.2899255804452351,False,2,105.24192497198315,0,0.0,True,2
2.92,0.2750146949509961,0.2901720585316709,0.2825933767413335,False,2,105.52982245819699,0,0.0,True,2
2.98,0.27441712671770746,0.2908691752028917,0.28264315096029957,False,2,105.62068423213853,0,0.0,True,2
3.04,0.2765173104257488,0.28835535717953226,0.28243633380264055,False,2,105.44609859820305,0,0.0,True,2
3.11,0.28004638178705654,0.3025436412676233,0.29129501152733994,False,2,105.78679069648716,0,0.0,True,2
3.16,0.27885599647527626,0.29885239252935936,0.2888541945023178,False,2,105.72907279641291,0,0.0,True,2
3.24,0.28235085633800794,0.29244419092089724,0.2873975236294526,False,2,105.72590121389271,0,0.0,True,2
3.3,0.2544466119186924,0.24070813318821682,0.2475773725534546,False,2,104.93686068417104,0,0.0,True,2
3.38,0.25105890639298195,0.20949782030548986,0.2302783633492359,False,2,104.2323810789349,0,0.0,True,2
3.44,0.24007411439611498,0.16113177659469338,0.2006029454954042,False,2,105.19060904224828,0,0.0,True,2
3.52,0.17067869792290113,0.14315450720730127,0.1569166025651012,False,2,104.93708697470483,0,0.0,True,2
3.59,0.15759376653081542,0.10916356602746656,0.133378666279141,False,2,105.56012916594268,0,0.0,True,2
3.66,0.14357082061726203,0.13013543686934745,0.13685312874330474,False,2,105.62464516418736,0,0.0,True,2
3.74,0.12349432612801521,0.1489783689921201,0.13623634756006767,False,2,105.83579873409587,0,0.0,True,2
3.8,0.12131290976834637,0.13888576204394085,0.13009933590614361,False,2,105.60868793187161,0,0.0,True,2
3.86,0.10684211623900088,0.12391722784053581,0.11537967203976834,False,2,105.99698616905269,0,0.0,True,2
3.93,0.10550735555256245,0.09943280343083788,0.10247007949170017,False,2,106.37199325750393,0,0.0,True,2
3.99,0.09857217995780708,0.10455516868919257,0.10156367432349983,False,2,106.03049019029656,0,0.0,True,2
4.05,0.1814452882450864,0.17654285147181611,0.17899406985845126,False,2,105.14656730598419,0,0.0,True,2
4.11,0.18767425698535078,0.1738335126119095,0.18075388479863014,False,2,105.65878667376938,0,0.0,True,2
4.17,0.1849847342821711,0.2102746181263255,0.19762967620424832,True,3,105.02806122787227,0,0.0,True,2
4.23,0.20809865549819098,0.22709129463532868,0.21759497506675984,False,3,105.42457760272411,0,0.0,True,2
4.29,0.227474180661058,0.2510703296811442,0.2392722551711011,False,3,105.26217033819357,0,0.0,True,2
4.36,0.23086239121264815,0.2498720960419407,0.24036724362729442,False,3,105.15740205939908,0,0.0,True,2
4.42,0.24532461466568864,0.2448308933811644,0.24507775402342652,False,3,105.32854787851079,0,0.0,True,2
4.49,0.25159158641191776,0.25787054132773335,0.2547310638698256,False,3,104.65586833886606,0,0.0,True,2
4.54,0.2498529511978522,0.2538304706836574,0.2518417109407548,False,3,105.21895761090423,0,0.0,True,2
4.6,0.24920474240733415,0.2591421143014786,0.25417342835440637,False,3,105.14821349754065,0,0.0,True,2
4.66,0.24733256338937512,0.26626474562914704,0.2567986545092611,False,3,105.11033154754303,0,0.0,True,2
4.72,0.251860531920336,0.24973634944967715,0.25079844068500656,False,3,104.92700163393509,0,0.0,True,2
4.78,0.25298251157119717,0.25084750067478234,0.2519150061229898,False,3,104.8106333408358,0,0.0,True,2
4.84,0.2560419204660692,0.2602513440666382,0.2581466322663537,False,3,104.72939376401727,0,0.0,True,2
4.91,0.25279354261324843,0.26678542784883985,0.25978948523104417,False,3,104.45351491361649,0,0.0,True,2
4.98,0.25450112617921244,0.2725755912819674,0.26353835873058995,False,3,104.7415776066078,0,0.0,True,2
5.04,0.25560111641276695,0.26635421120626634,0.26097766380951665,False,3,104.62538009704915,0,0.0,True,2
5.1,0.24780034412264906,0.27115516696139946,0.25947775554202424,False,3,104.74488162031028,0,0.0,True,2
5.17,0.2527343951394446,0.2627066565259955,0.2577205258327201,False,3,105.02488155265434,0,0.0,True,2
5.24,0.24385847918871115,0.26825656994943575,0.25605752456907344,False,3,104.70997118190405,0,0.0,True,2
5.3,0.25704738296985785,0.26859862573422066,0.26282300435203926,False,3,104.77595100358445,0,0.0,True,2
5.36,0.2237436021118602,0.2143657421755462,0.2190546721437032,False,3,105.3417795239591,0,0.0,True,2
5.42,0.1982445072656991,0.1572049206172994,0.17772471394149925,False,3,103.92738848797798,0,0.0,True,2
5.48,0.1684743487946249,0.14481777250073632,0.1566460606476806,False,3,104.5583752435864,0,0.0,True,2
5.54,0.14772360069497503,0.1533881635700493,0.15055588213251217,False,3,104.9731689474844,0,0.0,True,2
5.61,0.1031168684667553,0.15137390996079916,0.12724538921377723,False,3,105.47243274229618,0,0.0,True,2
5.67,0.11990850950300513,0.12157120686932829,0.12073985818616671,False,3,106.05269677221919,0,0.0,True,2
5.74,0.10695719627701739,0.11781267718402885,0.11238493673052312,False,3,105.62396771057321,0,0.0,True,2
5.81,0.09661132724457393,0.14192937301160186,0.1192703501280879,False,3,105.96285639938023,0,0.0,True,2
5.88,0.11241152819744753,0.1261421087974245,0.11927681849743602,False,3,106.28856811596663,0,0.0,True,2
5.94,0.10975541690155097,0.11622115143935899,0.11298828417045498,False,3,106.82906440600043,0,0.0,True,2
6.0,0.12316643330494076,0.13640942114992066,0.1297879272274307,False,3,106.19661384708651,0,0.0,True,2
6.06,0.1254840759932427,0.12978915627794832,0.12763661613559552,False,3,106.59234563701246,0,0.0,True,2
6.13,0.11329445575306785,0.13485115717863871,0.12407280646585328,False,3,106.42471855361661,0,0.0,True,2
6.2,0.1464823884407014,0.1883444097673065,0.16741339910400393,False,3,104.62066775239231,0,0.0,True,2
6.28,0.1789398773663172,0.20929936238038144,0.1941196198733493,False,3,103.88605035053537,0,0.0,True,2
6.34,0.20219657321844953,0.2383063288777532,0.22025145104810134,True,4,103.99056969835625,0,0.0,True,2
6.4,0.24068124286173823,0.23940304754314287,0.24004214520244055,False,4,104.7577594763923,0,0.0,True,2
6.48,0.24600835196365625,0.24624815373038253,0.2461282528470194,False,4,104.81188396567299,0,0.0,True,2
6.54,0.24689776531446525,0.2594473857421186,0.2531725755282919,False,4,104.75735463222541,0,0.0,True,2
6.61,0.24888023162478845,0.26708958214257617,0.2579849068836823,False,4,104.69833392358865,0,0.0,True,2
6.67,0.24967618966969624,0.26704421917888893,0.2583602044242926,False,4,104.90358368245126,0,0.0,True,2
6.73,0.2495490174356434,0.2709800257722538,0.2602645216039486,False,4,104.91930396260531,0,0.0,True,2
6.79,0.25735890557614294,0.2852207238166607,0.2712898146964018,False,4,104.68031266882876,0,0.0,True,2
6.86,0.25775393734323176,0.28624650758037806,0.2720002224618049,False,4,104.73355590582847,0,0.0,True,2
6.93,0.2604538284900866,0.27985106755127637,0.2701524480206815,False,4,104.56239428849526,0,0.0,True,2
6.99,0.25583762189419906,0.27799868230362434,0.2669181520989117,False,4,104.93507091241389,0,0.0,True,2
7.06,0.26027790186069183,0.2734614662311258,0.26686968404590883,False,4,104.87553062254565,0,0.0,True,2
7.12,0.2463892069883313,0.269516508032654,0.25795285751049263,False,4,104.55205281110511,0,0.0,True,2
7.19,0.1165795734962723,0.19220208910360898,0.15439083129994063,False,4,105.16215562658077,0,0.0,True,2
7.26,0.11634737887258871,0.15313437228554888,0.1347408755790688,False,4,105.59197671306126,0,0.0,True,2
7.32,0.11764644904121323,0.1316461129130332,0.12464628097712321,False,4,105.67846239981554,0,0.0,True,2
7.39,0.1063789730343923,0.1722835510058019,0.1393312620200971,False,4,104.42820516117098,0,0.0,True,2
7.44,0.10668872419342429,0.13753750823448863,0.12211311621395646,False,4,105.28318625022662,0,0.0,True,2
7.51,0.11341502592611301,0.1615907015918618,0.1375028637589874,False,4,105.35976890502053,0,0.0,True,2
7.58,0.10544700787976076,0.13968403299291318,0.12256552043633698,False,4,106.08651004858105,0,0.0,True,2
7.65,0.12519131504647443,0.13146887467715684,0.12833009486181562,False,4,105.13147362792915,0,0.0,True,2
7.72,0.10193345414649949,0.14590428126853838,0.12391886770751893,False,4,105.43898084817212,0,0.0,True,2
7.78,0.10634114015682758,0.1167413900543398,0.11154126510558368,False,4,106.57478812006785,0,0.0,True,2
7.84,0.10756360988398166,0.11598771865899303,0.11177566427148734,False,4,105.7956107342406,0,0.0,True,2
7.9,0.12110000932639908,0.10041378609575279,0.11075689771107594,False,4,105.9113781225787,0,0.0,True,2
7.96,0.11532719733213394,0.12105806498697841,0.11819263115955617,False,4,105.59796628015407,0,0.0,True,2
8.02,0.17922392022379044,0.19712196222733638,0.1881729412255634,False,4,104.7185292945168,0,0.0,True,2
8.09,0.20153278781786568,0.2097577482032531,0.20564526801055938,False,4,105.32454763620485,0,0.0,True,2
8.16,0.213891731724752,0.22984140656828772,0.22186656914651987,True,5,104.99842007501657,0,0.0,True,2
8.22,0.2237789132812926,0.24193645093659416,0.23285768210894336,False,5,104.6961608504664,0,0.0,True,2
8.29,0.22938683925231554,0.24570302638559655,0.23754493281895606,False,5,104.9836589824531,0,0.0,True,2
8.35,0.23109569539135685,0.25312958770610494,0.2421126415487309,False,5,104.59724725724286,0,0.0,True,2
8.42,0.25453319304953587,0.24865492181952423,0.25159405743453006,False,5,105.09075947183563,0,0.0,True,2
8.49,0.25085769700720295,0.25883738628661873,0.2548475416469108,False,5,105.12941246533114,0,0.0,True,2
8.55,0.253528741385106,0.25775138984589074,0.25564006561549835,False,5,104.65150566362807,0,0.0,True,2
8.61,0.2559511679005172,0.26349179181802934,0.2597214798592733,False,5,104.89187154355946,0,0.0,True,2
8.68,0.2588658661799361,0.267727858061892,0.2632968621209141,False,5,104.75937226924194,0,0.0,True,2
8.74,0.24744587036010984,0.25285655230792886,0.25015121133401935,False,5,104.97402569228471,0,0.0,True,2
8.81,0.2553511357538029,0.25249244493163164,0.2539217903427173,False,5,105.10544013991863,0,0.0,True,2
8.87,0.14095301632242999,0.17030407507423787,0.15562854569833393,False,5,105.2212784251361,0,0.0,True,2
8.94,0.13039917819931235,0.20133109278551226,0.1658651354924123,False,5,103.8041464687126,0,0.0,True,2
9.01,0.13075826105349386,0.13583462602982502,0.13329644354165943,False,5,105.32547932070864,0,0.0,True,2
9.07,0.12116646846294808,0.14696820773814626,0.13406733810054716,False,5,105.26916781839388,0,0.0,True,2
9.14,0.11707653771604401,0.1550841377230556,0.1360803377195498,False,5,105.1103088630768,0,0.0,True,2
9.21,0.1197705457345347,0.13461303569767824,0.12719179071610648,False,5,105.70368570417543,0,0.0,True,2
9.27,0.11330504593972736,0.11869917488878859,0.11600211041425798,False,5,106.38488472888531,0,0.0,True,2
9.33,0.1277119902466914,0.13680706847654422,0.1322595293616178,False,5,106.42116163167915,0,0.0,True,2
9.4,0.12297078364089178,0.11823628626867076,0.12060353495478127,False,5,105.93372208676126,0,0.0,True,2
9.46,0.12566834965435583,0.18074043252721103,0.15320439109078343,False,5,104.95294855735837,0,0.0,True,2
9.53,0.16793261730957318,0.2068967569216219,0.18741468711559756,False,5,105.48529054771265,0,0.0,True,2
9.59,0.18698034558736665,0.24811510020446403,0.21754772289591534,True,6,104.38649300757702,0,0.0,True,2
9.67,0.22767496544202825,0.25634848346709593,0.2420117244545621,False,6,104.37716708867633,0,0.0,True,2
9.73,0.22546685542501094,0.2494327315214084,0.23744979347320966,False,6,104.55330101450654,0,0.0,True,2
9.79,0.22481195201536924,0.25806120496156887,0.24143657848846906,False,6,104.53892696249932,0,0.0,True,2
9.86,0.23801551098870521,0.25534219107636785,0.24667885103253653,False,6,104.6483932181504,0,0.0,True,2
9.92,0.24627488458366648,0.2578094183966744,0.2520421514901704,False,6,104.71757459160487,0,0.0,True,2
9.98,0.23614754065600418,0.24736086178335787,0.24175420121968103,False,6,104.52622306608188,0,0.0,True,2
10.05,0.2391937925670633,0.24561501970936075,0.24240440613821201,False,6,104.75290096401318,0,0.0,True,2
10.12,0.2355579584460745,0.24523991250662633,0.2403989354763504,False,6,104.81439760917895,0,0.0,True,2
10.18,0.23381061966671832,0.24128122794234955,0.23754592380453393,False,6,104.55353526321576,0,0.0,True,2
10.25,0.24430785358954052,0.25037220347070377,0.24734002853012216,False,6,103.9930627322015,0,0.0,True,2
10.31,0.24524886454645065,0.2550371139909984,0.2501429892687245,False,6,104.02989187535727,0,0.0,True,2
10.37,0.23905198104525638,0.2525327193870689,0.24579235021616264,False,6,104.03064705737252,0,0.0,True,2
10.43,0.23183879683854255,0.24659796896517353,0.23921838290185804,False,6,103.95094042877054,0,0.0,True,2
10.49,0.14889709784889474,0.16127307310797231,0.15508508547843353,False,6,105.138196127629,0,0.0,True,2
10.55,0.13550627897680848,0.134971150597264,0.13523871478703625,False,6,105.4142703296098,0,0.0,True,2
10.61,0.12181235712221739,0.15653080437086941,0.1391715807465434,False,6,105.13730318473435,0,0.0,True,2
10.67,0.10447696503954224,0.17335739062996466,0.13891717783475344,False,6,105.67514715905335,0,0.0,True,2
10.73,0.11663067207725249,0.16200378516246083,0.13931722861985665,False,6,105.01104112081761,0,0.0,True,2
10.79,0.12524592565420095,0.16166261017915395,0.14345426791667745,False,6,104.39911579710432,0,0.0,True,2
10.86,0.11708598705841153,0.16098415690911072,0.13903507198376114,False,6,104.71020937905594,0,0.0,True,2
10.92,0.09212827304507384,0.1417124995444073,0.11692038629474057,False,6,105.4455883271052,0,0.0,True,2
10.98,0.105389209059233,0.1403852811268327,0.12288724509303287,False,6,105.39320416742973,0,0.0,True,2
11.04,0.0958584145501451,0.13689681911297696,0.11637761683156103,False,6,106.04798674251454,0,0.0,True,2
11.11,0.1102002272211326,0.14716836114665496,0.12868429418389377,False,6,106.07388526636696,0,0.0,True,2
11.17,0.14946470483388333,0.14302313029066346,0.1462439175622734,False,6,106.05873687725867,0,0.0,True,2
11.24,0.17634349753397607,0.17180394505616234,0.1740737212950692,False,6,104.78477097409083,0,0.0,True,2
11.3,0.22207988367441212,0.20250308220842378,0.21229148294141795,True,7,103.82499806064907,0,0.0,True,2
11.37,0.23778978367048806,0.250412762645401,0.24410127315794455,False,7,104.22566744962452,0,0.0,True,2
11.43,0.23709440307660928,0.24328607191712753,0.2401902374968684,False,7,104.48139664937125,0,0.0,True,2
11.51,0.2510156177396498,0.24863953528432398,0.2498275765119869,False,7,104.98155523235752,0,0.0,True,2
11.58,0.24527901466326416,0.2514132911207556,0.2483461528920099,False,7,105.13897337424126,0,0.0,True,2
11.64,0.24250251976756554,0.25149527476896844,0.246998897268267,False,7,104.76307895613326,0,0.0,True,2
11.71,0.2414371010756349,0.25266721130029923,0.24705215618796705,False,7,104.66915334117778,0,0.0,True,2
11.77,0.2334910959122053,0.25164700854907024,0.24256905223063777,False,7,105.37880568658629,0,0.0,True,2
11.83,0.2253329562476918,0.2566010728008411,0.24096701452426644,False,7,104.83216711791044,0,0.0,True,2
11.91,0.09127181971159198,0.20995520967720974,0.15061351469440087,False,7,105.07027340493666,0,0.0,True,2
11.97,0.1240843714036331,0.16092733023632944,0.14250585081998127,False,7,106.0528557066769,0,0.0,True,2
12.04,0.08449809827636627,0.14553265519877592,0.11501537673757109,False,7,106.26192779894788,0,0.0,True,2
12.09,0.11386498764247358,0.15438244791891867,0.13412371778069612,False,7,106.33108746751748,0,0.0,True,2
12.15,0.13297235553025746,0.1539080659865674,0.14344021075841243,False,7,105.88866405285896,0,0.0,True,2
12.22,0.1263211900303913,0.17774147629287299,0.15203133316163214,False,7,105.92305376567214,0,0.0,True,2
12.29,0.12236564592393961,0.1655504087262575,0.14395802732509855,False,7,105.75059374469359,0,0.0,True,2
12.35,0.12146666437192968,0.1404823289659728,0.13097449666895122,False,7,105.97179977881696,0,0.0,True,2
12.42,0.11656092423366511,0.13125550629406463,0.12390821526386486,False,7,106.33953296217685,0,0.0,True,2
12.49,0.1307293385553079,0.153127052011204,0.14192819528325595,False,7,105.4000480883805,0,0.0,True,2
12.55,0.10651678765919174,0.1434466674302795,0.12498172754473563,False,7,106.18844840788029,0,0.0,True,2
12.61,0.16981953964035226,0.20644966923996227,0.18813460444015728,False,7,104.33689380516876,0,0.0,True,2
12.67,0.1763253516951196,0.20631272040068896,0.1913190360479043,True,8,104.7437287066387,0,0.0,True,2
12.73,0.2087208666642937,0.22355461593447518,0.21613774129938446,False,8,104.85972237023879,0,0.0,True,2
12.79,0.2227530474891125,0.23047927515683625,0.22661616132297438,False,8,104.91528370532741,0,0.0,True,2
12.86,0.22964639104980478,0.2267625975397487,0.22820449429477674,False,8,104.35150493466205,0,0.0,True,2
12.92,0.2314212602197956,0.23375901925747458,0.23259013973863507,False,8,104.81689115206551,0,0.0,True,2
12.98,0.2374903290483803,0.23592647047612217,0.23670839976225122,False,8,104.9898826658712,0,0.0,True,2
13.05,0.23864749619111897,0.23923718998024462,0.2389423430856818,False,8,105.13948685543183,0,0.0,True,2
13.12,0.2403741186906444,0.2430784181218113,0.24172626840622785,False,8,105.17858654870781,0,0.0,True,2
13.18,0.2339429326008795,0.25102702598077337,0.24248497929082644,False,8,104.83120580818189,0,0.0,True,2
13.25,0.24706637454659178,0.26209145142557305,0.25457891298608243,False,8,104.85444921450969,0,0.0,True,2
13.32,0.2384621728870923,0.26757515305355783,0.25301866297032505,False,8,104.93896331012607,0,0.0,True,2
13.39,0.247307768804312,0.2595465121229064,0.2534271404636092,False,8,105.04749347397465,0,0.0,True,2
13.45,0.16081369176748683,0.24134700620927313,0.20108034898837998,False,8,104.90675953892935,0,0.0,True,2
13.51,0.16689940772825984,0.24810041513356287,0.20749991143091134,False,8,105.43887138939925,0,0.0,True,2
13.58,0.12385943595851341,0.1747425892043423,0.14930101258142786,False,8,105.57442607848657,0,0.0,True,2
13.64,0.11077006398779542,0.1633898881262416,0.13707997605701852,False,8,105.13637995360959,0,0.0,True,2
13.7,0.09387848991079596,0.1407816907629713,0.11733009033688363,False,8,105.30903591809644,0,0.0,True,2
13.76,0.09732219901270522,0.14838347591641585,0.12285283746456054,False,8,105.9508969801456,0,0.0,True,2
13.82,0.08871557892232401,0.15123619184204704,0.11997588538218552,False,8,105.25517889617696,0,0.0,True,2
13.89,0.11807945707420169,0.16082185261856263,0.13945065484638217,False,8,105.7548547764978,0,0.0,True,2
13.95,0.11757641355709327,0.16543384525520605,0.14150512940614965,False,8,105.77508754249226,0,0.0,True,2
14.02,0.10036067751499675,0.13648824652795913,0.11842446202147794,False,8,106.66986843660447,0,0.0,True,2
14.08,0.08705662000172855,0.1267522314545887,0.10690442572815861,False,8,105.61312947254726,0,0.0,True,2
14.16,0.09474475043729551,0.11799578625486747,0.10637026834608149,False,8,105.65055529042775,0,0.0,True,2
14.23,0.1725978504297223,0.208143284718371,0.19037056757404666,False,8,103.29490479054756,0,0.0,True,2
14.29,0.2143077301819164,0.22797540856746967,0.22114156937469304,False,8,104.27706953506754,0,0.0,True,2
14.35,0.2262161251817799,0.23027725146289704,0.22824668832233846,True,9,104.75300822440695,0,0.0,True,2
14.41,0.23582871710138825,0.2461302114152415,0.24097946425831487,False,9,104.64577198328573,0,0.0,True,2
14.47,0.24382136722364103,0.25867079370861784,0.25124608046612945,False,9,105.09157280023338,0,0.0,True,2
14.53,0.2315835274504745,0.24398673924055098,0.23778513334551274,False,9,106.23074666877372,0,0.0,True,2
14.59,0.25027322319765904,0.2496530557252269,0.24996313946144297,False,9,105.21726043302269,0,0.0,True,2
14.64,0.24085117139789827,0.25010149108335955,0.2454763312406289,False,9,105.58654515630536,0,0.0,True,2
14.7,0.2301405835439721,0.25187153060209777,0.24100605707303493,False,9,105.19349689449609,0,0.0,True,2
14.76,0.22916658854994973,0.2573454944964475,0.24325604152319863,False,9,105.19583190619332,0,0.0,True,2
14.82,0.22682818934589263,0.25892674745614247,0.24287746840101754,False,9,104.99004197077673,0,0.0,True,2
14.88,0.24034885682663343,0.2531518792671582,0.24675036804689582,False,9,105.09997912557333,0,0.0,True,2
14.94,0.22401431014321915,0.2502158616498527,0.23711508589653593,False,9,104.45743447400206,0,0.0,True,2
